-1.736114,2.866062,1
-1.122223,3.367955,1
-0.267124,2.379018,1
-0.099177,7.858293,1
-0.76126,3.35125,1
-0.572099,2.703724,1
1.473654,6.510614,1
0.370271,7.845614,1
-0.481942,2.951103,1
1.65827,6.469658,1
-0.816865,2.864692,1
-0.196854,2.668183,1
-0.67799,7.794676,1
0.819457,2.312672,1
0.905966,7.483172,1
0.01147,7.651064,1
0.69714,6.017766,1
-1.329448,1.648909,1
-1.214764,3.506638,1
-0.59629,5.226205,1
-1.27768,7.519256,1
0.787773,2.246952,1
-0.944548,4.250029,1
1.383273,6.408297,1
0.205338,3.839051,1
0.286808,1.094546,1
-0.48749,6.775558,1
0.698803,2.165665,1
1.42949,2.552113,1
-0.215542,3.264206,1
-1.51954,1.453424,1
1.45542,3.244594,1
0.366129,1.582712,1
-1.490482,5.938415,1
-0.175099,4.009607,1
1.747586,1.674063,1
1.453399,7.505684,1
0.795116,0.273992,1
-0.739871,7.539273,1
-0.915493,5.513352,1
0.559968,5.070007,1
0.22817,7.228185,1
-1.166601,3.934953,1
-0.772957,0.299565,1
1.755876,7.609247,1
1.975573,5.5669,1
-0.34774,0.734637,1
-1.021011,2.008611,1
-0.935817,0.120089,1
0.77278,0.525998,1
-0.011204,6.394816,1
-1.552576,5.716205,1
-0.717455,0.092887,1
1.814916,6.142856,1
-0.643412,3.522163,1
0.472854,0.440232,1
0.522239,7.536621,1
1.465596,6.470836,1
1.242427,1.554172,1
-1.331984,3.025267,1
1.240669,5.411655,1
-1.421223,7.806991,1
-1.765702,1.237684,1
-1.335328,1.016568,1
1.747371,3.051014,1
-0.080974,5.263188,1
0.785391,0.20161,1
1.283918,1.10855,1
-0.209279,2.428847,1
-0.440709,7.746614,1
1.073469,0.050329,1
0.075665,6.39738,1
-1.815059,6.21483,1
1.580834,0.690681,1
1.996004,6.01639,1
-1.405783,2.850003,1
1.041206,2.499628,1
1.816053,2.659686,1
-1.649427,5.525619,1
1.549966,4.023375,1
1.60994,5.825349,1
0.891399,7.508588,1
1.586278,3.371658,1
1.649172,7.207244,1
-0.73907,6.86563,1
-0.970964,5.366279,1
1.466948,7.384494,1
0.860983,4.840724,1
1.309705,3.766615,1
-0.438692,5.253397,1
-1.645578,5.449186,1
-1.035698,4.436604,1
-1.945218,0.611081,1
-1.479886,0.796087,1
-1.92938,7.498735,1
-0.359211,7.065151,1
-0.920067,5.652786,1
-1.586022,3.34557,1
0.588426,7.570395,1
0.771615,0.680477,1
-13.150048,6.036244,1
-15.785123,7.78691,1
-14.662946,4.570388,1
-14.960505,2.872355,1
-14.805075,6.552574,1
-13.833244,1.356632,1
-13.070272,2.843034,1
-14.972606,0.948757,1
-12.379301,6.937374,1
-15.010867,5.616012,1
-15.493809,3.531733,1
-15.855355,3.607189,1
-13.343417,6.764635,1
-14.458187,0.160085,1
-14.865137,4.149644,1
-14.839031,6.786354,1
-14.26783,6.889002,1
-14.614498,5.895445,1
-12.142086,5.86296,1
-15.271694,0.194734,1
-15.082215,4.867864,1
-13.036406,6.202341,1
-13.318516,4.961913,1
-15.770825,2.646191,1
-13.160543,4.614082,1
-15.245259,2.659605,1
-14.193061,5.0124,1
-13.889934,6.570057,1
-15.456745,5.248304,1
-15.166542,0.897332,1
-13.529179,7.843303,1
-15.598174,4.169022,1
-14.229225,5.226785,1
-12.834604,2.291641,1
-14.3969,0.171719,1
-15.884092,2.296901,1
-12.0384,6.182013,1
-15.392705,5.097971,1
-14.265575,5.516724,1
-12.209563,6.703992,1
-15.94395,6.722737,1
-12.473336,6.963032,1
-12.128107,1.399817,1
-14.522014,7.889449,1
-14.079116,0.625091,1
-15.257917,3.483941,1
-15.621723,7.463264,1
-13.764687,6.599496,1
-12.653558,1.457414,1
-12.772075,3.591234,1
-15.215915,5.22031,1
-14.16481,7.366844,1
-12.970786,4.551726,1
-12.954044,7.654369,1
-12.291725,5.386542,1
-12.956842,6.988599,1
-14.833038,4.701096,1
-13.435005,7.376111,1
-13.572423,2.573918,1
-12.972311,6.787204,1
-12.989166,7.131383,1
-12.686173,6.845336,1
-12.982209,4.781603,1
-12.233774,5.379032,1
-15.231207,6.711311,1
-15.710789,7.687307,1
-15.061335,2.379359,1
-14.411426,1.234096,1
-14.647614,6.437887,1
-14.284714,0.230257,1
-12.180699,5.592382,1
-13.229652,7.598997,1
-15.601163,4.614572,1
-12.749829,7.929827,1
-14.839438,6.842652,1
-13.924586,7.909747,1
-15.003315,2.20684,1
-13.939789,6.712194,1
-12.535023,2.05843,1
-13.14544,1.950972,1
-12.719897,2.290149,1
-13.280534,2.798568,1
-15.742409,1.409126,1
-15.991869,4.848165,1
-13.277841,7.8131,1
-14.966922,0.421084,1
-13.686338,7.339341,1
-15.386429,5.037007,1
-14.894856,0.097982,1
-12.080825,4.325711,1
-13.529532,1.587065,1
-12.402554,5.935775,1
-15.450881,1.081343,1
-15.098892,1.369338,1
-14.969767,4.636538,1
-13.951422,0.863759,1
-12.110552,7.933177,1
-14.201033,7.029888,1
-14.479089,6.810396,1
-12.640951,7.068483,1
1.697246,11.817219,1
-5.809738,9.130872,1
-3.766417,8.657323,1
-10.567084,8.920601,1
-8.354039,8.735089,1
-3.666703,10.365424,1
-3.846351,8.261653,1
-5.720641,10.986408,1
-2.455835,10.61777,1
1.567038,8.728689,1
-11.16112,8.183808,1
-4.909165,10.545934,1
-6.503743,10.352093,1
-8.10663,9.364264,1
-13.406896,10.098061,1
2.045371,8.011699,1
-11.758043,11.872526,1
-0.770568,10.794678,1
-11.21974,8.363994,1
-6.21572,9.289677,1
-10.149068,11.913128,1
1.029794,10.330684,1
-1.037798,8.227204,1
-8.647408,10.273707,1
-14.447941,10.925438,1
-15.470034,8.617273,1
-5.1461,9.6342,1
-4.292849,10.34955,1
-8.28331,10.729743,1
-5.867632,10.329888,1
-15.660478,11.537977,1
-9.625579,11.262183,1
-7.305338,10.548093,1
-14.083661,11.488988,1
-12.291922,11.63827,1
-12.412089,9.596423,1
1.881999,11.089405,1
-3.88811,8.030843,1
-2.346453,10.932416,1
-2.876736,9.689896,1
-5.486413,10.357193,1
-13.536213,10.546989,1
-2.834013,10.078198,1
-4.036122,9.685156,1
-7.826355,9.093368,1
-3.420788,8.684633,1
1.102395,11.980667,1
-15.00138,11.396879,1
-6.610852,10.482987,1
-4.675887,8.324749,1
-9.325321,11.994463,1
-14.889117,9.584902,1
-1.965626,10.291032,1
-11.450754,8.47237,1
-5.255033,8.790081,1
-8.915857,11.892224,1
-5.415016,10.931318,1
-0.24114,9.570312,1
-0.033798,9.783618,1
-4.879427,11.774,1
-2.646078,11.229784,1
-15.424817,8.134039,1
-8.591063,8.935446,1
-14.81294,11.927145,1
-11.165711,10.793123,1
-8.722408,9.919323,1
-12.616888,10.987175,1
-1.911589,8.689102,1
-0.075748,10.049832,1
-7.151229,10.444659,1
-7.952255,10.497407,1
-4.85045,8.804013,1
-9.710887,9.85301,1
-14.365898,9.718602,1
-6.738102,9.13486,1
-10.342068,8.470728,1
-9.515744,9.579289,1
-11.215293,11.840449,1
-4.516404,8.334499,1
-7.638926,10.209607,1
0.459256,10.866238,1
-14.025999,9.667866,1
-12.112922,11.175193,1
-14.408866,10.447376,1
-8.733563,9.368169,1
-5.799553,8.007126,1
-5.511386,11.408964,1
-8.078978,11.370169,1
-7.643487,9.602246,1
-15.371976,10.995827,1
-0.312135,8.285176,1
-7.502373,10.362275,1
-11.416413,8.757883,1
-12.660177,9.841761,1
-5.328284,11.532773,1
-7.835595,11.554071,1
-6.455476,10.963913,1
-0.3193,10.925169,1
-4.210929,11.976068,1
-6.886045,9.530145,1
-11.464653,9.965242,1
-15.201655,8.564714,1
-5.658764,10.151686,1
-11.516919,10.153326,1
1.773485,9.338057,1
-0.718767,11.438837,1
-0.847847,10.592294,1
-2.49214,11.365424,1
-9.174167,8.217353,1
-8.907281,10.707175,1
-14.937221,10.269705,1
-4.108884,8.582678,1
0.756702,9.740162,1
-0.800789,11.430074,1
-14.570618,8.345661,1
-11.403128,8.369372,1
-2.033257,8.079109,1
-14.162392,8.00517,1
-9.678228,11.791015,1
-5.545327,8.694088,1
-15.495099,10.750588,1
-13.486722,8.795565,1
-14.817965,9.091075,1
-14.475704,9.003834,1
-9.829496,9.598837,1
-8.766918,8.233198,1
-1.805191,8.327905,1
-12.275766,11.26346,1
-11.684891,10.356229,1
0.163345,9.984484,1
-14.52132,8.843444,1
-10.861892,11.296891,1
-5.317809,10.67359,1
-6.426278,9.188251,1
-1.611964,11.856496,1
-15.563235,8.460636,1
-1.475625,10.816037,1
-13.864194,9.502773,1
-6.473031,8.080905,1
-11.38378,9.767203,1
-6.231218,10.704169,1
-6.179431,9.23869,1
-11.804677,11.110491,1
0.536334,8.173028,1
-1.340414,10.601099,1
1.651276,9.077936,1
1.720089,11.285319,1
-3.590025,10.804679,1
-2.658065,10.970033,1
-8.515614,10.430116,1
-13.971196,9.947621,1
-2.37371,10.360397,1
0.919167,9.907241,1
-2.354142,8.773589,1
-5.91152,11.776902,1
-5.299623,8.318158,1
-5.528777,8.596608,1
-9.37353,9.269459,1
-14.287641,8.17836,1
-3.803327,11.514543,1
-3.476745,9.790466,1
-8.526718,8.821569,1
-11.564012,10.471224,1
-11.097984,8.560794,1
-15.031826,8.286979,1
-11.539198,11.004696,1
-0.237209,8.008542,1
-3.459486,10.156568,1
-13.678963,10.828058,1
-3.976916,11.760428,1
-4.842933,9.647824,1
-8.005103,9.420242,1
-12.05231,10.888865,1
-3.840554,9.657227,1
-2.628067,8.272976,1
-10.166238,9.952733,1
-3.818081,10.401579,1
-7.924009,11.072901,1
0.81416,11.578924,1
-4.472634,9.887315,1
-12.646189,11.207296,1
0.658712,9.091999,1
-8.645757,11.044527,1
2.235915,9.31904,1
-11.422051,8.093063,1
-14.408533,9.251879,1
-12.057296,11.464793,1
-12.775122,9.87662,1
-1.952047,8.153741,1
2.208922,11.684323,1
-2.939242,9.133649,1
-5.735915,8.947177,1
0.777821,11.449014,1
-13.377826,10.829668,1
-4.476442,10.0213,1
-7.888208,11.014032,1
-4.82418,8.564134,1
-11.635626,9.192768,1
-4.944533,10.362847,1
-3.760867,10.492721,1
5.664342,3.560512,2
5.622647,-1.135005,2
6.519493,0.523745,2
8.755345,-2.476866,2
6.856175,-2.872566,2
5.255266,0.528788,2
5.071375,3.962762,2
7.836977,3.598739,2
6.445452,0.347609,2
5.802454,2.531622,2
8.612664,0.626755,2
5.357856,2.213902,2
8.555189,1.176904,2
6.009329,1.198323,2
5.87554,3.784656,2
5.226961,2.31783,2
7.257524,1.510228,2
5.634574,-3.300341,2
6.131966,1.134247,2
7.756577,3.615616,2
6.07061,0.173737,2
7.182723,3.560404,2
5.23306,-1.886963,2
5.995496,3.444209,2
8.374035,3.429893,2
7.624808,-0.03263,2
6.221328,3.7646,2
8.580803,2.523049,2
7.29062,0.298717,2
8.619114,-3.963012,2
8.566211,-0.416209,2
5.867482,-1.894368,2
5.235019,1.103966,2
8.607957,-3.29007,2
5.784551,-2.015242,2
7.344933,-2.306011,2
5.330326,2.690685,2
5.823576,3.51654,2
6.068154,-0.361983,2
8.393066,3.853585,2
6.47138,0.035925,2
6.160372,2.472156,2
6.272177,-0.819322,2
7.470629,-0.790431,2
5.950915,1.832326,2
6.715022,-3.863839,2
7.586448,-1.77136,2
5.883116,-0.664592,2
6.624141,-1.102596,2
5.523665,-3.901944,2
7.644342,-0.855545,2
8.367184,-3.971212,2
5.764674,-3.812609,2
5.350301,0.861734,2
6.362811,1.880828,2
7.691712,-2.186111,2
5.034572,3.502185,2
7.92076,3.851731,2
7.396245,2.552678,2
8.48958,-3.216354,2
5.247562,-0.357674,2
6.358761,1.646455,2
8.854817,3.470972,2
7.203477,3.002808,2
5.012114,-3.931887,2
6.566895,3.611907,2
6.583606,-3.513296,2
7.60951,1.991412,2
6.642695,3.035559,2
6.136,2.633463,2
8.172987,3.59522,2
7.920045,-2.175951,2
5.966772,3.747071,2
6.474566,-0.690957,2
5.189266,1.815003,2
8.12704,-2.024432,2
6.045886,1.133786,2
7.781465,3.681409,2
6.045397,0.049443,2
8.310814,0.905196,2
8.282735,-0.755495,2
8.604923,1.218682,2
8.632448,0.454527,2
6.74182,-1.088401,2
8.345164,1.631083,2
7.499323,-2.942686,2
6.743005,-2.92256,2
7.154719,2.359957,2
5.376301,-3.428116,2
8.485028,-3.099974,2
7.951421,-3.542769,2
7.854448,-2.762634,2
8.771165,3.303147,2
8.512325,1.686275,2
7.647221,1.243567,2
5.019098,0.79004,2
7.768234,1.974403,2
8.113551,0.93614,2
7.300109,0.495078,2
8.667111,-2.782707,2
-7.200912,2.728019,2
-6.316166,1.452955,2
-8.950194,0.339399,2
-5.787529,-0.100817,2
-6.758723,0.047114,2
-7.282346,2.93426,2
-7.729262,-3.660586,2
-7.405485,0.73047,2
-6.884762,2.611941,2
-5.745699,2.574432,2
-6.327713,-0.468784,2
-6.480719,0.807103,2
-6.595053,2.772635,2
-7.22128,-2.986193,2
-8.693748,2.590915,2
-6.044505,3.356099,2
-7.384694,-1.311464,2
-7.116921,-0.825291,2
-5.138239,0.177798,2
-8.955188,-1.06529,2
-7.359725,0.768796,2
-5.038922,2.905863,2
-6.953859,-3.015921,2
-7.405593,-2.084948,2
-6.509818,1.660968,2
-8.905571,3.722491,2
-6.589357,-1.249377,2
-7.225742,-1.686236,2
-7.933589,2.089372,2
-8.448766,-3.652503,2
-5.034766,-1.350879,2
-7.020585,-1.763022,2
-5.519884,1.860931,2
-5.204048,2.519523,2
-8.370579,0.774027,2
-7.229174,-3.107585,2
-6.673219,-3.094709,2
-6.000715,1.854993,2
-6.717524,-2.320039,2
-7.861169,-0.759793,2
-5.989126,-3.608877,2
-6.573934,3.69996,2
-7.679772,1.86406,2
-5.530684,1.951033,2
-5.429954,0.182852,2
-5.514155,-2.800778,2
-5.656606,3.722481,2
-6.533906,-3.07424,2
-5.289938,1.817128,2
-6.740268,1.496418,2
-6.530896,0.069599,2
-6.694643,-0.28862,2
-8.394974,-3.632415,2
-5.015524,-2.796427,2
-7.722226,-1.277358,2
-6.072918,2.786816,2
-5.759191,2.295779,2
-6.021818,2.61018,2
-5.583368,-1.696149,2
-7.939051,0.037319,2
-5.93428,0.11192,2
-5.55943,2.557012,2
-5.109615,2.598901,2
-7.786043,-1.76239,2
-6.751738,2.504809,2
-8.367321,-1.267429,2
-5.974443,-2.894853,2
-7.547327,-2.846153,2
-6.289144,0.279174,2
-7.407014,-0.474104,2
-7.314466,2.994196,2
-8.950702,-2.680016,2
-7.937828,-3.746479,2
-6.179215,3.485958,2
-8.561711,3.595903,2
-7.891361,-2.245426,2
-7.168641,1.217654,2
-5.239412,-1.077227,2
-8.547834,-3.138318,2
-6.579439,2.383471,2
-8.433319,-2.039521,2
-7.389023,-3.980895,2
-8.808266,-0.102831,2
-8.486139,-3.521343,2
-7.507771,-3.224478,2
-8.020608,-3.198547,2
-8.061104,-2.47605,2
-6.892455,1.594419,2
-5.289953,2.685704,2
-6.460829,2.4135,2
-6.67459,-1.967655,2
-7.889667,0.009652,2
-7.724849,3.605743,2
-8.016055,1.491811,2
-5.081009,-2.663604,2
-6.333869,-2.663237,2
-7.240116,-3.066362,2
-6.425467,1.812786,2
-5.219657,2.878729,2
-7.418968,1.98977,2
3.511148,-5.342962,2
7.256215,-5.171267,2
6.802556,-7.919399,2
-3.226842,-4.054195,2
-2.625835,-5.185747,2
-6.66182,-5.191363,2
-2.520882,-6.97537,2
2.949403,-5.163395,2
-3.146808,-7.17844,2
-1.461344,-6.411803,2
1.03324,-5.49439,2
-1.067378,-7.645698,2
-1.700926,-7.571004,2
7.225422,-4.446764,2
6.80262,-4.057976,2
6.382657,-7.578046,2
7.698772,-4.467486,2
2.622549,-4.222343,2
6.961997,-7.022032,2
-7.033962,-7.17974,2
8.681904,-6.989742,2
-8.238097,-7.729416,2
0.709109,-7.028735,2
-1.087112,-5.165358,2
3.092822,-4.269941,2
-5.84158,-7.889316,2
3.100058,-5.198283,2
8.771851,-4.861095,2
-7.718228,-4.292123,2
6.314825,-4.589747,2
6.187791,-7.708788,2
5.486697,-7.142783,2
-7.846525,-5.932607,2
-4.744049,-4.203103,2
2.902055,-6.454494,2
7.8877,-4.962283,2
-5.588786,-5.104435,2
1.142092,-5.333068,2
-2.886612,-7.0933,2
-7.715628,-5.779394,2
-4.643645,-7.315557,2
2.378318,-4.668528,2
-3.200391,-5.886552,2
-3.103568,-7.068964,2
-4.342845,-6.067263,2
5.225204,-7.582186,2
-0.562779,-7.725221,2
-2.201357,-5.183514,2
-4.835245,-7.403078,2
-3.7013,-5.161448,2
-8.742618,-6.947555,2
-0.571821,-6.373528,2
3.878768,-5.615805,2
-3.754289,-4.170347,2
-2.285606,-4.526048,2
-0.321719,-6.261223,2
0.755281,-5.64565,2
2.088211,-6.688969,2
4.889864,-6.655119,2
-2.479371,-7.256688,2
8.52043,-4.126122,2
-5.030819,-4.113121,2
2.329953,-6.094023,2
-6.90296,-4.378145,2
1.507939,-6.397187,2
-4.771305,-5.588954,2
-5.78321,-7.861774,2
-8.730987,-5.389276,2
6.814168,-5.537486,2
-1.558378,-4.979641,2
1.569278,-7.305513,2
-2.466678,-5.714603,2
-2.447253,-5.627578,2
-7.948993,-5.866065,2
7.229952,-5.112455,2
-2.550536,-5.542373,2
7.683281,-7.587953,2
-3.589498,-6.795601,2
-5.434094,-6.065014,2
8.098316,-7.128661,2
6.859199,-7.285037,2
1.777121,-7.893767,2
2.676835,-5.703427,2
-3.044201,-7.470642,2
-7.379887,-4.582733,2
-6.768759,-6.895138,2
2.834464,-7.7003,2
-6.795949,-5.519226,2
1.46498,-5.61887,2
-2.948644,-6.774456,2
2.343544,-7.234389,2
-6.584677,-7.734196,2
-8.980262,-5.98271,2
8.341516,-7.915288,2
8.72261,-6.023748,2
-7.313894,-5.223279,2
3.376775,-4.660081,2
-8.052508,-4.556614,2
-4.975231,-5.257633,2
0.657658,-6.808677,2
-2.850334,-6.947404,2
-8.294709,-4.819971,2
-3.435295,-6.924985,2
-2.386169,-5.903047,2
-5.686093,-5.483205,2
8.103625,-4.105532,2
1.054693,-4.431703,2
-3.6427,-4.311089,2
2.118911,-5.660554,2
-6.576137,-7.035342,2
-8.928935,-5.580063,2
-0.577281,-6.504722,2
-4.598632,-7.793499,2
-3.045741,-4.952687,2
1.441654,-7.253487,2
-7.082394,-4.589851,2
7.866859,-4.640618,2
-1.713577,-7.573171,2
3.732116,-6.26118,2
8.674412,-7.329422,2
-8.217337,-4.210259,2
-7.94244,-7.04287,2
6.553492,-5.981951,2
-7.188553,-6.294146,2
-0.509668,-7.008027,2
3.343319,-7.731596,2
-6.747502,-5.542067,2
5.722179,-5.490119,2
3.87664,-5.753892,2
3.949751,-6.871641,2
-2.457271,-6.95796,2
5.290778,-5.726806,2
1.10664,-5.227574,2
-1.859835,-6.910847,2
7.312686,-5.697037,2
1.612581,-4.712405,2
-8.705683,-6.605897,2
-8.164775,-6.522655,2
8.585316,-6.451105,2
-4.623975,-7.597285,2
-3.015132,-6.789477,2
2.937454,-7.21363,2
8.124698,-7.178786,2
7.788458,-6.150453,2
-4.382414,-5.352979,2
-2.964547,-7.428442,2
-6.775675,-4.066367,2
6.061673,-7.684848,2
-3.172156,-6.692868,2
-6.938185,-5.733173,2
-3.990327,-6.90828,2
-2.746296,-4.27892,2
4.321336,-5.149232,2
1.540447,-6.947431,2
7.587825,-7.345749,2
3.482845,-6.44794,2
-0.773236,-7.422683,2
3.872779,-7.647531,2
7.291346,-5.668244,2
-5.457734,-4.990164,2
-0.80678,-5.176274,2
-3.106787,-4.525659,2
-4.897214,-7.596716,2
8.072853,-6.165066,2
1.285527,-7.550548,2
8.140534,-4.397344,2
1.041718,-5.368281,2
-3.886818,-6.307299,2
-6.746811,-6.425914,2
-7.151081,-6.743337,2
-7.748359,-5.484329,2
-8.244468,-4.263802,2
-3.929719,-7.775011,2
1.143234,-5.997565,2
8.988894,-7.692206,2
8.470706,-4.968295,2
3.903096,-4.233419,2
8.132101,-5.64812,2
-1.53208,-4.720826,2
-0.649178,-5.492661,2
6.669852,-5.557763,2
5.826054,-5.339748,2
2.144394,-5.205072,2
1.041014,-5.166921,2
-6.114837,-6.393704,2
1.035775,-7.404095,2
-7.10485,-7.914755,2
1.708498,-4.218733,2
-1.490977,-4.956872,2
-5.182613,-6.278167,2
4.797085,-5.009785,2
7.550794,-6.62745,2
-1.540337,-4.437347,2
-6.588025,-4.489129,2
6.056967,-4.823621,2
4.784443,-7.036603,2
-6.27512,-6.069315,2
-3.728205,-5.329924,2
4.222217,-7.481339,2
2.762853,-6.016959,2
17.331383,11.309121,3
14.538073,9.259613,3
22.071437,11.877955,3
8.513358,8.812058,3
10.932321,9.502895,3
17.463753,9.510386,3
6.146862,8.594886,3
14.139347,9.359261,3
21.15566,9.202092,3
14.174486,8.823378,3
20.461627,10.433395,3
12.823361,9.035512,3
8.552048,8.210175,3
17.943779,9.961655,3
16.99525,9.535988,3
7.151835,11.986866,3
14.306021,10.947604,3
15.504213,11.38701,3
18.81568,8.696561,3
22.605385,9.777719,3
6.043721,11.774218,3
10.970643,11.757286,3
12.15302,10.11186,3
6.909622,11.833107,3
5.233861,10.435093,3
22.346405,10.004431,3
17.712666,9.965479,3
11.516129,8.616313,3
15.273423,8.018579,3
7.268743,8.086242,3
21.902377,10.931038,3
12.427045,9.422172,3
15.644838,8.978915,3
15.444918,8.229546,3
18.125671,8.055026,3
9.475706,10.475564,3
7.199867,10.647811,3
8.220621,8.743413,3
11.504537,9.864762,3
11.107897,10.37748,3
8.699313,10.528599,3
19.94281,10.292157,3
13.807155,11.611657,3
17.536902,8.4346,3
19.972573,8.850467,3
12.885501,10.093106,3
10.532812,11.6099,3
13.822397,11.81156,3
19.220855,11.073442,3
12.018986,11.81313,3
12.832355,9.0532,3
18.198733,9.434364,3
18.006938,10.178035,3
8.778303,10.305108,3
12.601672,10.240991,3
7.468626,11.271124,3
14.851284,11.784473,3
10.938368,10.73263,3
6.590877,11.437144,3
19.779641,8.005521,3
16.441319,8.008438,3
16.359097,8.415021,3
21.855176,9.453511,3
20.537483,11.222601,3
11.427982,9.781616,3
9.850153,10.89934,3
18.373647,10.597279,3
5.240955,8.414175,3
9.917748,8.708127,3
8.675843,8.702575,3
13.495955,10.440301,3
17.786281,11.079071,3
21.496736,10.161433,3
13.117594,11.886382,3
21.217738,10.718777,3
13.513175,9.09654,3
22.434679,11.447723,3
16.030405,8.280334,3
19.693241,10.90327,3
12.982328,10.437281,3
7.20339,11.333584,3
6.356966,9.781897,3
13.147426,11.559644,3
7.524093,9.077616,3
11.468465,9.770427,3
11.908276,11.108524,3
16.456283,8.684106,3
6.746371,11.853244,3
12.209744,10.957179,3
13.691339,8.158895,3
8.754008,11.665845,3
13.776311,11.045277,3
10.925059,9.699084,3
15.167538,9.424938,3
13.437591,8.804767,3
16.176853,11.740949,3
16.008134,9.245268,3
17.162883,11.521207,3
19.298727,10.372148,3
22.385776,10.15107,3
8.671727,10.01118,3
19.197226,8.20536,3
14.950185,9.059758,3
21.823609,9.098413,3
10.796807,8.494279,3
18.381757,10.698575,3
17.33469,11.725717,3
21.994517,11.143648,3
17.341756,11.285358,3
18.925091,10.482063,3
9.957655,10.274073,3
10.089732,9.214177,3
19.706806,10.062863,3
20.24725,10.071849,3
15.110257,8.443908,3
7.180596,10.202635,3
8.694764,9.790366,3
21.715782,9.110376,3
15.911248,10.165395,3
19.917574,11.461764,3
7.406544,10.751543,3
11.671701,11.512331,3
6.155172,10.756164,3
21.662377,8.377014,3
18.091878,8.714715,3
14.906357,8.258453,3
22.434767,9.458564,3
21.464591,9.382136,3
21.161591,10.291507,3
5.478609,8.015273,3
14.455713,10.081236,3
8.041294,10.902379,3
20.72291,8.656942,3
5.320523,11.228825,3
17.533381,9.601691,3
6.577917,10.696799,3
11.977387,11.074267,3
13.364228,10.638312,3
12.866345,11.992278,3
9.608291,9.841638,3
9.201874,11.300619,3
17.333707,11.177004,3
7.725808,8.871166,3
6.512428,9.609792,3
13.1867,11.964432,3
17.016673,11.499014,3
20.66727,8.96068,3
22.818435,10.27773,3
20.849018,8.968096,3
9.261687,11.899073,3
22.933145,9.61208,3
6.905644,11.897316,3
7.099118,8.121642,3
12.692286,8.587534,3
20.74882,8.998708,3
13.73619,11.237261,3
13.60282,9.78436,3
14.244614,10.015735,3
17.167417,11.403074,3
21.531539,10.105512,3
13.964131,11.590298,3
22.719641,10.393045,3
5.270586,10.551351,3
12.802056,8.459088,3
14.815646,8.48226,3
21.230648,9.073056,3
17.34548,11.916877,3
11.021006,9.522571,3
21.876606,9.306156,3
9.01135,8.798869,3
9.683156,8.92541,3
22.046102,9.382199,3
7.933972,11.200042,3
15.581052,8.954134,3
6.706619,11.186184,3
17.586056,11.740289,3
6.721662,8.492126,3
9.830223,8.354185,3
16.415514,10.583496,3
16.36931,8.595038,3
5.175756,9.763766,3
6.88729,10.225556,3
14.592285,8.731263,3
18.937972,10.145271,3
20.211297,10.060405,3
10.511436,10.202306,3
21.218714,8.927874,3
13.676389,10.098041,3
9.084,11.018162,3
13.00722,9.219459,3
5.295289,10.7873,3
5.052653,10.318045,3
13.91186,11.906709,3
21.312798,10.310781,3
5.394656,9.330809,3
16.172703,10.421623,3
11.113506,8.581846,3
10.656873,11.727601,3
14.565936,10.128987,3
14.831286,8.78506,3
13.247164,5.942426,3
14.530205,4.263982,3
14.769454,6.222099,3
15.487428,-0.794345,3
12.585758,-5.27246,3
14.538249,-0.321029,3
15.197431,3.528113,3
14.210171,-6.436474,3
13.649443,2.544081,3
13.971213,-6.625734,3
14.053822,-6.826519,3
13.355293,-0.683428,3
12.88009,-4.168977,3
12.306892,1.252161,3
15.256004,7.3472,3
14.746763,6.705808,3
14.703429,-5.321569,3
13.389523,5.898262,3
14.77514,7.409626,3
15.498343,-5.026758,3
15.503788,6.44164,3
12.370092,2.137498,3
14.078996,-6.9803,3
12.954251,4.40748,3
15.36228,2.399932,3
15.550642,-6.780668,3
14.794882,-0.00327,3
13.798705,0.890337,3
13.613534,3.938979,3
12.682784,-2.301714,3
14.238074,-2.709806,3
15.364549,-2.832835,3
12.209546,3.464902,3
14.15413,0.093135,3
15.89303,-2.209547,3
14.483292,-7.488947,3
14.827042,-4.693754,3
13.021064,4.911953,3
15.777857,4.335805,3
14.748507,-2.000207,3
12.484209,7.857012,3
15.025246,1.377148,3
12.90208,-4.616059,3
14.066072,-6.318702,3
14.597568,2.838584,3
14.918265,2.984238,3
14.153175,-6.372305,3
14.681705,-7.555245,3
13.354877,5.301389,3
15.513317,6.917909,3
13.810172,2.27722,3
14.581582,-6.017463,3
15.634216,5.982892,3
13.451562,-1.529415,3
12.136311,-5.700941,3
12.298165,2.88023,3
12.109339,1.298519,3
13.02265,-7.712901,3
12.280698,-5.212949,3
13.247863,-0.831492,3
12.575524,-7.907884,3
14.633097,2.721985,3
15.038268,-4.076253,3
15.664844,-2.995537,3
13.809199,4.184239,3
12.941536,2.837183,3
12.305271,-2.031338,3
12.000602,-7.785208,3
14.372097,3.469732,3
13.444529,-1.210952,3
13.377654,-0.368493,3
12.389052,0.633398,3
14.081014,-0.560928,3
13.317138,-0.577775,3
14.304933,0.560026,3
12.705995,-0.024848,3
15.784578,-2.094292,3
13.539746,5.07936,3
14.739358,-4.645341,3
14.135651,-7.676616,3
13.891965,-6.411431,3
15.199602,6.880296,3
14.208588,6.878057,3
15.0592,-0.569438,3
12.035763,-3.96867,3
15.189989,1.820046,3
12.208113,6.920243,3
14.757407,1.434745,3
15.145029,-7.836002,3
14.152804,6.219082,3
12.733211,-6.627147,3
14.055078,0.545149,3
12.474686,-0.538841,3
12.858182,-5.71302,3
15.65041,-6.302959,3
12.243578,-0.429896,3
14.03159,3.547442,3
14.696719,0.61444,3
15.500916,-3.135299,3
15.157295,7.101193,3
14.423051,7.470952,3
15.366095,-5.920412,3
14.680379,-4.376422,3
12.950619,-7.821615,3
13.509177,6.506868,3
14.439829,4.587169,3
13.945531,5.378577,3
12.169966,0.034707,3
14.088485,6.871601,3
15.611046,-6.589627,3
15.323668,4.927893,3
14.279484,5.11675,3
15.27646,-3.537298,3
13.314684,6.489982,3
12.079317,-7.609186,3
14.092921,-5.594539,3
13.788721,7.350016,3
12.189813,5.576722,3
13.467184,6.732182,3
14.376797,3.609674,3
14.72559,0.402438,3
12.984766,-2.012542,3
12.549936,1.061296,3
14.281888,-0.100108,3
12.099593,-6.707212,3
14.372254,2.211214,3
12.550239,-0.884982,3
15.241845,1.78723,3
15.15027,-2.255749,3
13.493314,1.01718,3
13.589612,-3.294329,3
15.501752,1.401926,3
13.837884,2.14627,3
15.368126,7.356664,3
13.860278,5.121302,3
12.411848,-0.591083,3
12.686765,4.681586,3
13.823313,-1.449945,3
13.531427,0.143706,3
12.08989,5.127289,3
13.316089,3.429536,3
12.35239,-7.673361,3
12.554681,0.054002,3
13.208087,-5.024583,3
13.935401,-1.132615,3
15.641717,5.917495,3
15.45654,5.372218,3
14.427589,-4.162915,3
12.34827,-0.49901,3
15.19643,-7.407664,3
13.980326,-6.429396,3
13.736095,-1.375466,3
15.351854,2.36539,3
12.263774,-6.501686,3
14.311284,2.635964,3
12.05639,-7.361698,3
15.108635,-3.903684,3
14.853492,6.841715,3
14.622219,-0.382139,3
13.290156,-7.423628,3
12.57222,3.502489,3
13.709384,-5.76744,3
14.7956,5.182206,3
13.233929,-5.937974,3
12.566106,-5.615047,3
15.77404,-6.418217,3
15.598275,6.354154,3
12.722599,-7.529749,3
12.485059,1.571942,3
12.266602,-6.325968,3
15.487838,4.985745,3
12.307322,-0.38211,3
14.389248,-4.066702,3
15.573017,-5.124477,3
14.888828,1.803921,3
12.25718,6.661645,3
12.890628,-0.074632,3
13.690142,7.203587,3
13.045353,7.209361,3
14.95707,3.004446,3
13.155245,-5.470085,3
14.883035,2.007593,3
13.144744,5.725856,3
15.595777,-4.772741,3
14.115595,-6.128129,3
13.98072,-6.625349,3
15.095008,-6.13533,3
12.997892,-7.605249,3
12.252832,-2.998316,3
12.906581,4.037287,3
15.799548,-3.001381,3
12.674085,-6.244084,3
15.367696,1.923316,3
15.740141,-0.267279,3
12.533276,1.510463,3
14.717034,5.055607,3
14.615303,-7.209266,3
13.183563,2.378491,3
14.621098,-5.458892,3
12.906189,-4.26348,3
26.227978,10.699136,4
28.448956,-2.488092,4
25.886076,3.724238,4
27.939926,5.967624,4
25.998125,11.526644,4
28.744047,-6.957665,4
27.074084,6.11747,4
27.589499,2.698036,4
28.17829,8.583853,4
28.041817,-2.220124,4
25.091261,3.619155,4
25.892857,10.981464,4
26.020148,-5.82502,4
28.560455,9.999626,4
25.889893,-2.735294,4
26.241174,11.890015,4
25.993877,-1.704738,4
28.891614,-0.816195,4
26.955095,-6.423897,4
28.167648,-2.48024,4
26.685275,-1.174642,4
25.488196,-6.683896,4
28.038971,5.001291,4
26.561017,-2.895647,4
28.669831,4.338412,4
28.648804,11.910202,4
26.182163,10.875241,4
28.556481,-4.718655,4
25.222042,5.962133,4
25.860911,-0.364627,4
26.162022,8.358883,4
26.48528,-5.070933,4
26.242494,-0.736091,4
28.500385,9.834837,4
28.0605,-6.098178,4
27.911203,-1.319425,4
26.037864,-4.576447,4
28.186498,-7.246816,4
26.907552,5.954459,4
27.06702,4.984049,4
27.948393,10.587012,4
27.257446,4.386793,4
26.181245,3.148038,4
26.676526,8.049078,4
28.566258,11.137822,4
25.504169,-2.585505,4
28.021191,-0.360547,4
25.881119,-1.841076,4
25.812117,11.185996,4
26.860332,4.140824,4
27.050118,5.282503,4
28.550904,2.904873,4
27.66778,-4.903971,4
26.654344,-6.791098,4
26.326344,0.026375,4
27.892484,-0.571543,4
25.624315,-1.294482,4
25.440801,-0.511934,4
26.545093,-4.808814,4
26.526183,0.849974,4
26.837958,5.1754,4
26.406216,-4.542207,4
28.182514,11.93065,4
27.625976,10.644697,4
27.545315,6.036245,4
25.208043,1.732627,4
26.669431,-3.91912,4
25.162551,-2.391656,4
26.035607,1.857723,4
28.239229,1.253878,4
27.974536,9.783513,4
26.859002,8.07508,4
25.515388,-1.695119,4
26.205773,-6.119751,4
26.88361,6.247515,4
25.590911,-0.714828,4
25.259024,-2.493299,4
25.006305,-0.897855,4
28.645818,8.089116,4
26.139492,-7.838884,4
26.878987,1.171608,4
26.706766,-1.182631,4
26.227952,4.369146,4
27.440929,-4.126719,4
25.88877,-0.507597,4
26.508718,-0.495897,4
27.649202,10.003236,4
26.700466,1.13071,4
25.604029,-2.826632,4
26.907504,9.157222,4
28.696215,1.027445,4
25.733727,0.545096,4
25.82067,11.923024,4
25.855918,11.47328,4
28.913894,4.261641,4
25.671481,-5.683604,4
25.118358,6.748403,4
25.4378,9.315628,4
28.156624,4.6024,4
26.31854,8.327226,4
28.279357,-5.247047,4
27.72698,7.384115,4
25.499903,-7.489641,4
26.710099,0.235199,4
26.567511,-2.709628,4
25.967049,-2.741269,4
28.426839,3.046457,4
26.820353,1.174965,4
26.134677,5.00995,4
26.936978,9.370631,4
28.827546,8.249054,4
25.963642,-3.297489,4
26.291919,3.708041,4
25.231366,-3.337965,4
28.891104,6.112365,4
26.102097,-6.458102,4
28.786016,-3.139774,4
25.317011,5.103055,4
25.778837,4.916445,4
26.827005,-1.204242,4
27.599812,9.811227,4
27.006846,3.657754,4
25.752882,4.826998,4
25.528746,-0.784064,4
28.912049,-2.990729,4
26.235462,-6.32261,4
25.193941,6.732917,4
25.158172,11.339944,4
28.359253,7.317129,4
25.074136,9.20583,4
28.941999,9.669322,4
26.12203,-0.829255,4
28.660864,-6.347747,4
26.495426,-7.915939,4
27.601772,6.639122,4
27.756603,-2.947371,4
25.081344,-4.353647,4
28.758627,7.82188,4
26.120127,-3.067558,4
25.818204,-7.327531,4
26.068,8.258936,4
28.318604,-7.947745,4
28.078081,-2.421446,4
27.990187,-0.618387,4
28.330036,8.723802,4
27.231364,9.165865,4
28.427864,-3.779675,4
26.869475,3.544754,4
25.647228,-5.664746,4
27.00719,0.848115,4
28.583092,10.703982,4
28.275954,11.489658,4
27.249369,3.837439,4
26.558484,-7.324815,4
25.343246,0.807542,4
27.000599,-5.078577,4
25.304792,-5.795234,4
26.061168,-0.809885,4
27.270921,3.131434,4
27.657158,6.481477,4
25.411729,8.09509,4
28.669755,-5.260073,4
27.886887,5.965392,4
25.22126,-2.769049,4
26.684105,2.203313,4
27.215363,1.964919,4
27.364654,-6.136813,4
25.619528,3.931177,4
27.02659,-4.890187,4
26.482186,-7.274292,4
26.148048,4.927924,4
26.502839,6.429432,4
26.578426,9.775823,4
26.179375,11.743261,4
26.758562,-2.852531,4
26.627849,9.237166,4
27.895149,10.168232,4
28.454558,4.843402,4
26.663988,7.400467,4
25.789941,-7.497483,4
26.896802,3.425699,4
27.707938,3.301786,4
28.314569,8.795279,4
28.205104,-6.951515,4
25.729979,10.828928,4
28.619886,10.780707,4
27.506476,-4.900063,4
25.052324,11.073769,4
28.569997,8.222598,4
25.348748,4.739615,4
27.121754,10.060321,4
25.429155,4.437035,4
26.405641,-7.401085,4
27.788232,7.495606,4
25.421127,3.334239,4
25.127582,1.235501,4
26.09216,-2.071225,4
28.468765,-1.989094,4
28.607432,3.524144,4
27.742663,7.880511,4
28.79202,2.806914,4
25.379427,-2.611817,4
25.894648,-1.456584,4
25.894376,1.976533,4
27.277746,-2.979716,4
26.704478,0.935475,4
26.027101,-7.942099,4
25.75819,-4.06648,4
26.179862,-2.140742,4
25.645396,6.342073,4
25.745338,-3.829041,4
28.21388,5.135742,4
28.65503,11.4352,4
25.176162,-5.734284,4
27.555703,-3.406551,4
25.445438,5.306497,4
26.894818,-5.874356,4
28.704622,11.778613,4
28.680904,10.865737,4
27.798835,7.037352,4
25.299831,1.790359,4
25.897261,1.816618,4
26.770882,6.088452,4
25.532332,10.861894,4
26.585438,11.139555,4
27.758009,-0.887982,4
26.131396,1.013827,4
25.95567,11.285374,4
28.860464,8.310226,4
28.529737,-7.662499,4
25.056316,3.280064,4
28.214211,8.852782,4
27.620344,6.908394,4
28.143183,3.854174,4
27.976811,-4.483855,4
28.762183,10.221126,4
25.995393,3.523401,4
26.778716,0.95329,4
28.172867,0.729609,4
25.314329,11.466524,4
28.837478,-5.294817,4
28.768589,2.830417,4
28.546096,2.54362,4
25.374489,8.266163,4
28.783952,-7.272348,4
26.314057,9.835912,4
28.329874,-6.369576,4
27.419136,9.60701,4
28.029226,9.197252,4
25.134654,4.749386,4
27.196271,6.934263,4
26.678005,1.574551,4
28.039639,6.644343,4
28.157112,-2.826799,4
25.93171,6.913544,4
27.486317,1.132684,4
25.814111,-2.870636,4
26.41831,10.750434,4
25.534552,10.278725,4
25.194358,-5.333524,4
28.456485,-0.220282,4
28.911553,-6.219189,4
26.900766,0.394071,4
25.954912,1.117985,4
26.581592,3.587097,4
28.022696,0.055123,4
28.667113,10.888838,4
25.843515,2.238838,4
28.923545,3.327064,4
28.562823,10.84844,4
25.482204,-0.602362,4
28.849371,10.19314,4
25.447515,6.850105,4
27.952352,10.133866,4
27.055552,-3.703329,4
25.043734,10.475983,4
27.442402,3.220933,4
26.579698,3.456816,4
27.271655,4.174326,4
25.522097,8.430067,4
25.662679,9.889213,4
26.754438,3.004495,4
26.187316,5.522211,4
26.840736,-3.336493,4
26.182199,-2.740133,4
27.049167,-5.562061,4
28.137633,-4.636933,4
25.007765,4.499795,4
28.652518,-6.418319,4
28.040508,2.46546,4
26.786311,2.019508,4
26.318701,-1.525015,4
25.515691,2.264606,4
25.039351,11.864235,4
25.536372,-7.206667,4
27.518466,2.31612,4
27.83738,9.904564,4
27.588199,2.071852,4
28.495917,1.489649,4
26.181134,7.808788,4
31.827167,4.79611,5
31.227955,6.98908,5
32.754749,6.481535,5
31.254149,7.33926,5
31.369585,6.398216,5
34.770406,0.817287,5
32.67089,8.670606,5
32.79393,-0.275062,5
32.182713,-0.294948,5
33.828895,-2.403094,5
33.80232,6.260152,5
34.06821,9.663025,5
33.421748,3.360438,5
34.687599,6.836863,5
31.096916,5.692388,5
33.942054,-1.940777,5
33.115024,-3.560894,5
31.153595,9.625495,5
33.396641,-2.102129,5
33.377437,1.367933,5
34.789131,9.046803,5
33.822126,-1.904521,5
33.02819,5.706539,5
33.097082,-0.380672,5
31.286547,1.149998,5
34.01099,11.665211,5
32.580463,-1.41154,5
31.467834,-3.44923,5
31.392673,5.518167,5
34.706852,6.889868,5
32.663789,-2.979262,5
31.396879,1.321995,5
34.838191,5.468229,5
34.405156,8.832403,5
31.504326,2.991523,5
33.173558,-1.557912,5
31.977222,1.306699,5
34.928097,2.313754,5
34.991523,1.785153,5
33.117253,9.71206,5
31.568742,4.874437,5
34.306269,-2.601335,5
33.807646,7.289684,5
34.610502,4.979251,5
32.624945,7.395509,5
31.060173,0.049254,5
34.182943,3.198485,5
32.497594,11.154272,5
32.241461,-3.725274,5
32.795505,7.825663,5
32.187663,8.764502,5
32.546022,-2.841697,5
33.087928,-0.536156,5
32.818426,4.693021,5
32.836163,-3.313583,5
33.440519,11.45454,5
34.709336,1.663038,5
34.545066,0.844507,5
33.720254,3.276139,5
34.634044,-1.595595,5
31.009296,2.926266,5
31.200777,6.243364,5
32.206802,5.132848,5
34.890391,-0.788734,5
32.63096,-2.383732,5
31.524465,-3.482816,5
31.001698,8.71698,5
33.871501,8.14836,5
32.611307,-0.077178,5
31.582155,11.612818,5
34.930062,-3.014198,5
34.605605,11.499042,5
34.08761,0.845104,5
32.895699,9.127372,5
34.202123,1.31202,5
33.281812,4.656123,5
32.058333,1.431177,5
34.530857,7.975432,5
33.622863,1.605196,5
33.906968,-3.28604,5
33.644808,1.882311,5
31.005874,-1.53317,5
32.52883,-1.081152,5
34.003311,7.66609,5
34.375818,11.488628,5
32.535771,8.316508,5
32.66458,2.828375,5
33.997922,-1.942651,5
31.563599,-0.694603,5
34.039045,6.429315,5
32.952013,0.332826,5
33.294371,-0.94502,5
32.203349,-3.017312,5
33.134711,10.240172,5
34.581175,4.564797,5
31.738812,-2.208559,5
33.244333,9.524277,5
32.849874,2.821359,5
33.093415,-3.653209,5
34.586099,-3.223495,5
34.147776,-1.517308,5
31.924132,-2.496215,5
33.80233,1.995634,5
32.035221,-3.141137,5
33.342873,-0.391042,5
34.154292,2.679971,5
31.427101,2.707224,5
32.858195,11.30971,5
34.804006,5.646849,5
33.104399,-1.859404,5
33.867891,9.813692,5
31.616547,11.538168,5
33.162258,0.18157,5
31.416395,-1.375538,5
33.278835,4.204313,5
32.210109,0.982441,5
32.945014,4.916337,5
34.751496,3.614847,5
31.170239,-0.375066,5
31.594469,1.321169,5
33.296629,-2.067227,5
32.583569,6.264194,5
31.193654,-3.894258,5
32.255696,7.708606,5
31.141276,-0.306701,5
34.816948,-0.581054,5
33.685293,-0.202852,5
33.220831,2.083663,5
33.531286,-0.814735,5
31.338175,2.141971,5
32.418573,11.494133,5
33.326989,-3.183976,5
34.074318,0.447511,5
31.400093,0.678224,5
34.878503,4.162492,5
32.510051,9.341789,5
32.755119,3.097782,5
34.003353,5.378203,5
34.610382,6.166523,5
34.571094,7.626825,5
33.187502,-1.053578,5
33.518412,3.526414,5
34.556221,-3.2756,5
31.612983,4.375352,5
32.956017,2.286632,5
34.822855,4.58276,5
31.960169,-0.974384,5
34.14929,-2.923912,5
33.755805,-1.416195,5
31.317737,5.936555,5
33.655559,3.764736,5
32.300752,10.049754,5
33.633605,5.728673,5
31.015426,-0.064194,5
33.901094,11.840435,5
31.278616,-3.125506,5
32.129424,4.09188,5
33.994312,0.178406,5
34.267943,-0.716209,5
34.119947,-0.170635,5
33.228264,2.158166,5
32.325693,5.222734,5
31.566286,-1.852199,5
34.509729,-3.352669,5
34.693733,-2.051864,5
31.764023,7.955868,5
32.473955,7.699993,5
31.446933,4.67717,5
31.284902,10.91837,5
32.0735,9.09625,5
33.502695,4.247696,5
34.877557,-2.905021,5
34.361817,8.423027,5
34.982024,9.278763,5
32.227417,9.075719,5
31.617904,0.521394,5
31.847814,-2.612224,5
32.17812,-2.55757,5
31.819694,10.502344,5
32.020129,8.224864,5
34.056055,11.238695,5
34.269458,-0.553459,5
34.509092,9.39345,5
32.994039,7.12519,5
31.32726,11.621646,5
34.793983,11.051226,5
31.843771,6.199602,5
33.466414,3.22395,5
32.104368,-3.493212,5
32.647958,-1.645809,5
31.382255,6.908056,5
32.575672,3.528931,5
33.009455,-1.00473,5
33.088369,-2.239856,5
33.055907,4.353661,5
34.547373,2.222699,5
33.481871,4.728165,5
33.513606,8.969774,5
34.392771,4.054056,5
34.31,8.119773,5
33.013591,-5.794437,5
34.077104,-7.295327,5
36.430882,-6.554952,5
31.090463,-5.33407,5
34.418841,-7.513777,5
34.693109,-5.578797,5
33.851904,-8.542584,5
33.092881,-7.76671,5
32.907463,-3.244281,5
33.593773,-8.64019,5
35.303646,-4.790478,5
32.75122,-4.068468,5
36.837645,-6.373882,5
34.974036,-5.888625,5
33.694918,-3.412436,5
32.974901,-3.443617,5
33.880882,-7.533061,5
35.006488,-5.321352,5
32.746205,-5.9448,5
34.840219,-3.155827,5
32.901279,-4.5916,5
33.734742,-4.245506,5
32.779575,-6.028213,5
35.98393,-4.984924,5
36.242837,-5.74903,5
34.112466,-5.01969,5
32.928259,-5.013806,5
34.58907,-7.611178,5
32.999771,-7.810891,5
33.350211,-6.445561,5
32.698243,-5.649575,5
34.178748,-8.801625,5
36.0583,-4.560488,5
34.167275,-4.297142,5
33.154519,-6.219056,5
34.843025,-5.809904,5
32.966455,-8.374503,5
33.914164,-3.539038,5
34.545172,-6.981277,5
32.745343,-7.10487,5
35.123066,-3.887784,5
32.911778,-5.448409,5
32.538636,-7.473881,5
31.444778,-7.223023,5
34.148104,-5.553603,5
33.178151,-7.547365,5
34.855223,-4.998469,5
35.441697,-6.465581,5
31.524575,-7.275228,5
35.76944,-6.985199,5
31.73868,-6.382665,5
33.998929,-6.041678,5
34.852964,-4.570624,5
36.2145,-6.447895,5
32.999814,-6.167255,5
33.103535,-3.36632,5
34.009801,-8.908742,5
35.515862,-6.099083,5
35.281486,-6.288321,5
33.027999,-5.997589,5
33.27451,-7.524877,5
34.953319,-6.565911,5
35.239023,-7.167304,5
31.668363,-6.864658,5
35.634746,-5.848608,5
34.508339,-4.381031,5
36.738949,-6.426408,5
35.96375,-5.235961,5
32.408058,-6.709746,5
32.864961,-7.784743,5
32.530881,-4.625949,5
32.073761,-5.843473,5
32.554605,-4.030443,5
31.459845,-5.941475,5
31.604966,-6.436927,5
33.053738,-3.314117,5
33.050023,-6.363234,5
32.408997,-7.76307,5
34.009297,-4.631799,5
31.97814,-7.584885,5
32.060274,-6.737342,5
32.765116,-4.265817,5
33.822798,-5.771323,5
34.693653,-5.429606,5
34.784932,-7.948032,5
31.306642,-5.718747,5
32.529857,-8.276198,5
34.062681,-7.426671,5
32.527312,-6.504784,5
35.119777,-5.617197,5
32.734031,-7.493617,5
35.119104,-6.920677,5
34.187403,-4.023729,5
32.007055,-4.988439,5
35.359899,-7.371277,5
33.067511,-8.593099,5
35.752453,-6.513611,5
33.724995,-6.144609,5
31.890617,-6.134861,5
33.138634,-7.501713,5
